<project xmlns="http://maven.apache.org/POM/4.0.0" xmlns:xsi="http://www.w3.org/2001/XMLSchema-instance" xsi:schemaLocation="http://maven.apache.org/POM/4.0.0 https://maven.apache.org/xsd/maven-4.0.0.xsd">
	<modelVersion>4.0.0</modelVersion>
	<groupId>pruebas2122</groupId>
	<artifactId>ejercicio1</artifactId>
	<version>0.0.1-SNAPSHOT</version>
	<dependencies>
		<!-- https://mvnrepository.com/artifact/org.xerial/sqlite-jdbc -->
		<dependency>
			<groupId>org.xerial</groupId>
			<artifactId>sqlite-jdbc</artifactId>
			<version>3.21.0.1</version>
		</dependency>

		<!-- https://mvnrepository.com/artifact/mysql/mysql-connector-java -->
		<dependency>
			<groupId>mysql</groupId>
			<artifactId>mysql-connector-java</artifactId>
			<version>5.1.49</version>
		</dependency>

		<!-- https://mvnrepository.com/artifact/com.oracle.database.jdbc/ojdbc8 -->
		<dependency>
			<groupId>com.oracle.database.jdbc</groupId>
			<artifactId>ojdbc8</artifactId>
			<version>21.7.0.0</version>
		</dependency>

		<!-- https://mvnrepository.com/artifact/com.h2database/h2 -->
		<dependency>
			<groupId>com.h2database</groupId>
			<artifactId>h2</artifactId>
			<version>1.4.200</version>
		</dependency>


		<!-- https://mvnrepository.com/artifact/org.apache.derby/derby -->
		<dependency>
			<groupId>org.apache.derby</groupId>
			<artifactId>derby</artifactId>
			<version>10.14.2.0</version>
		</dependency>


		<!-- https://mvnrepository.com/artifact/net.sf.ucanaccess/ucanaccess -->
		<dependency>
			<groupId>net.sf.ucanaccess</groupId>
			<artifactId>ucanaccess</artifactId>
			<version>3.0.3</version>
		</dependency>

		<!-- https://mvnrepository.com/artifact/hsqldb/hsqldb -->
		<dependency>
			<groupId>hsqldb</groupId>
			<artifactId>hsqldb</artifactId>
			<version>1.8.0.10</version>
			<scope>test</scope>
		</dependency>


	</dependencies>


</project>