DROP TABLE AGENCIAS CASCADE CONSTRAINTS;
DROP TABLE AVIONES CASCADE CONSTRAINTS;
DROP TABLE LINEAS_AEREAS CASCADE CONSTRAINTS;
DROP TABLE PASAJEROS CASCADE CONSTRAINTS;
DROP TABLE RESERVAS CASCADE CONSTRAINTS;
DROP TABLE TRIPULANTES CASCADE CONSTRAINTS;
DROP TABLE TRIPULANTES_VUELO CASCADE CONSTRAINTS;
DROP TABLE VUELOS CASCADE CONSTRAINTS;

CREATE TABLE AGENCIAS (
    COD_AGENCIA   NUMBER(5) NOT NULL,
    NOM_AGENCIA   VARCHAR2(35 BYTE) NOT NULL
);
ALTER TABLE AGENCIAS ADD CONSTRAINT AGENCIAS_PK PRIMARY KEY ( COD_AGENCIA );

INSERT INTO AGENCIAS VALUES(1,    'NOMADA TRAVEL');
INSERT INTO AGENCIAS VALUES(2,    'TU DESTINO');
INSERT INTO AGENCIAS VALUES(3,    'VIAJES Y SUEÑOS');
INSERT INTO AGENCIAS VALUES(4,    'PANORAMAS');
INSERT INTO AGENCIAS VALUES(5,    'NUEVAS ALAS');
INSERT INTO AGENCIAS VALUES(6,    'MOCHILEROS');
INSERT INTO AGENCIAS VALUES(7,    'VUELTA AL SOL');
INSERT INTO AGENCIAS VALUES(8,    'TURITRAVEL');
INSERT INTO AGENCIAS VALUES(9,    'VIAJE ASTRAL');
INSERT INTO AGENCIAS VALUES(10,   'NUEVOS RECUERDOS');
INSERT INTO AGENCIAS VALUES(11,   'BELLO HORIZONTE');
INSERT INTO AGENCIAS VALUES(12,   'COMETAS TOURS');
INSERT INTO AGENCIAS VALUES(13,   'EXPLORA AGENCIA DE VIAJES');
INSERT INTO AGENCIAS VALUES(14,   'LOS VIAJEROS');
INSERT INTO AGENCIAS VALUES(15,   'SIN ESCALAS');
INSERT INTO AGENCIAS VALUES(16,   'LA MEJORAS RUTAS');
INSERT INTO AGENCIAS VALUES(17,   'VUELA  VUELA TRAVEL');
INSERT INTO AGENCIAS VALUES(18,   'AVENTTURAS');
INSERT INTO AGENCIAS VALUES(19,   'VENTTANA VIAJES');
INSERT INTO AGENCIAS VALUES(20,   'TRAVESIA PRO');

CREATE TABLE AVIONES (
    COD_AVION             NUMBER(5) NOT NULL,
    NOM_AVION             VARCHAR2(30 BYTE) NOT NULL,
    MODELO_AVION          VARCHAR2(30 BYTE),
    NUM_PASAJEROS_AVION   NUMBER(3) NOT NULL,
    COD_LINEA             NUMBER(5) NOT NULL,
    NUMERO_RESERVAS       NUMBER(5) 
);
ALTER TABLE AVIONES ADD CONSTRAINT AVIONES_PK PRIMARY KEY ( COD_AVION );

INSERT INTO AVIONES VALUES(1,   'DOÑANA', 'AIRBUS A300',                        250,     1, 0);
INSERT INTO AVIONES VALUES(2,   'CAÑADAS DEL TEIDE', 'AIRBUS A300',             250,     2, 0);
INSERT INTO AVIONES VALUES(3,   'LAS TABLAS DE DAIMIEL', 'AIRBUS A300',         250,     3, 0);
INSERT INTO AVIONES VALUES(4,   'AIGÜES TORTES', 'AIRBUS A300',                 250,     1, 0);
INSERT INTO AVIONES VALUES(5,   'ISLAS CIES', 'AIRBUS A300',                    250,     4, 0);
INSERT INTO AVIONES VALUES(6,   'ORDESA', 'AIRBUS A300',                        250,     5, 0);
INSERT INTO AVIONES VALUES(7,   'PEÑALARA', 'AIRBUS A300',                      250,     6, 0);
INSERT INTO AVIONES VALUES(8,   'COVADONGA', 'AIRBUS A300',                     250,     21, 0);
INSERT INTO AVIONES VALUES(9,   'CERVANTES','BOEING B-747',                     550,     8, 0);
INSERT INTO AVIONES VALUES(10,  'LOPE DE VEGA','BOEING B-747',                  550,     21, 0);
INSERT INTO AVIONES VALUES(11,  'CALDERÓN DE LA BARCA','BOEING B-747',          550,     21, 0);
INSERT INTO AVIONES VALUES(12,  'CERVANTES','BOEING B-747',                     550,     21, 0);
INSERT INTO AVIONES VALUES(13,  'TIRSO DE MOLINA','BOEING B-747',               550,     20, 0);
INSERT INTO AVIONES VALUES(14,  'FRANCISCO DE QUEVEDO','BOEING B-747',          550,     20, 0);
INSERT INTO AVIONES VALUES(15,  'LOPE DE VEGA','BOEING B-747',                  550,     2, 0);
INSERT INTO AVIONES VALUES(16,  'JUAN RAMÓN JIMÉNEZ','BOEING B-747',            550,     2, 0);
INSERT INTO AVIONES VALUES(17,  'GARCÍA LORCA','BOEING B-747',                  550,     12, 0);
INSERT INTO AVIONES VALUES(18,  'CALDERÓN DE LA BARCA','BOEING B-747',          550,     12, 0);
INSERT INTO AVIONES VALUES(19,  'FRANCISCO DE QUEVEDO','BOEING B-747',          550,     12, 0);
INSERT INTO AVIONES VALUES(20,  'LOPE DE VEGA','BOEING B-747',                  550,     12, 0);
INSERT INTO AVIONES VALUES(21,  'MARIANA PINEDA','BOEING B-747',                550,     11, 0);
INSERT INTO AVIONES VALUES(22,  'SOROLLA', 'CANADAIR REGIONAL JET-1000',        100,     13, 0);
INSERT INTO AVIONES VALUES(23,  'PINAZO', 'CANADAIR REGIONAL JET-1000',         100,     13, 0);
INSERT INTO AVIONES VALUES(24,  'BENLLIURE', 'CANADAIR REGIONAL JET-1000',      100,     21, 0);
INSERT INTO AVIONES VALUES(25,  'CECILIO PLA', 'CANADAIR REGIONAL JET-1000',    100,     21, 0);
 
CREATE TABLE LINEAS_AEREAS (
    COD_LINEA   NUMBER(5) NOT NULL,
    NOM_LINEA   VARCHAR2(30 BYTE) NOT NULL
);
ALTER TABLE LINEAS_AEREAS ADD CONSTRAINT LINEAS_AEREAS_PK PRIMARY KEY ( COD_LINEA );
INSERT INTO LINEAS_AEREAS VALUES (1,    'DELTA');
INSERT INTO LINEAS_AEREAS VALUES (2,    'AMERICAN AIRLINES');
INSERT INTO LINEAS_AEREAS VALUES (3,    'UNITED');
INSERT INTO LINEAS_AEREAS VALUES (4,    'TURKISH AIRLINES');
INSERT INTO LINEAS_AEREAS VALUES (5,    'LUFTHANSA');
INSERT INTO LINEAS_AEREAS VALUES (6,    'EMIRATES');
INSERT INTO LINEAS_AEREAS VALUES (7,    'AIR FRANCE');
INSERT INTO LINEAS_AEREAS VALUES (8,    'CHINA EASTERN');
INSERT INTO LINEAS_AEREAS VALUES (9,    'BRITISH AIRWAYS (BA)');
INSERT INTO LINEAS_AEREAS VALUES (10,   'AIR CHINA');
INSERT INTO LINEAS_AEREAS VALUES (11,   'KLM');
INSERT INTO LINEAS_AEREAS VALUES (12,   'AIR CANADA');
INSERT INTO LINEAS_AEREAS VALUES (13,   'AEROFLOT');
INSERT INTO LINEAS_AEREAS VALUES (14,   'QATAR AIRWAYS');
INSERT INTO LINEAS_AEREAS VALUES (15,   'CATHAY PACIFIC');
INSERT INTO LINEAS_AEREAS VALUES (16,   'SINGAPORE AIRLINES');
INSERT INTO LINEAS_AEREAS VALUES (17,   'LATAM AIRLINES GROUP');
INSERT INTO LINEAS_AEREAS VALUES (18,   'KOREAN AIR');
INSERT INTO LINEAS_AEREAS VALUES (19,   'IBERIA');
INSERT INTO LINEAS_AEREAS VALUES (20,   'ALITALIA');
INSERT INTO LINEAS_AEREAS VALUES (21,   'IBERIA');

CREATE TABLE PASAJEROS (
    COD_PASAJERO   NUMBER(5) NOT NULL,
    APE_PASAJERO   VARCHAR2(25 BYTE) NOT NULL,
    NOM_PASAJERO   VARCHAR2(20 BYTE) NOT NULL,
    DIR_PASAJERO   VARCHAR2(35 BYTE) NOT NULL,
    TEL_PASAJERO   VARCHAR2(12 BYTE)
);
ALTER TABLE PASAJEROS ADD CONSTRAINT PASAJEROS_PK PRIMARY KEY ( COD_PASAJERO );

INSERT INTO PASAJEROS VALUES (1,  'ESCALERA',       'ADRIAN',           'AV. DE LOS CIPRESES, 30',          '928705110');
INSERT INTO PASAJEROS VALUES (2,  'SANCHEZ',        'FRANCISCO',        'BLVD. DE LOS CAIDOS NO. 1466-A',   '912875051');
INSERT INTO PASAJEROS VALUES (3,  'LOPEZ',          'SILVIA',           'CALLE DEL RIO CUERVO,36',          '672584123');
INSERT INTO PASAJEROS VALUES (4,  'CID',            'JUAN',             'AV. DE LOS PERDIDOS, 123',         '923456789');
INSERT INTO PASAJEROS VALUES (5,  'RODRÍGUEZ',      'ANIBAL',           'CALLE FIDEL, MARTIN, INES, 48',    '925963258');
INSERT INTO PASAJEROS VALUES (6,  'GÓMEZ',          'DANIEL',           'PLAZA DE LA HISPANIDAD, 33',       '555896321');
INSERT INTO PASAJEROS VALUES (7,  'ESCALONILLA',    'MARINA',           'CALLE CARNICERIAS, 25',            '865696377'); 
INSERT INTO PASAJEROS VALUES (8,  'VISO',           'ALEJANDRO',        'AV. DE FINISTERRE 148',            '981800999');
INSERT INTO PASAJEROS VALUES (9,  'JUAREZ',         'AMELIA',           'CALLE LOBELOS, S/N',               '981748310');
INSERT INTO PASAJEROS VALUES (10, 'MARTÍN',         'AMELIA',           'CARRETERA PADRON A RIBEIRA',       '946721482');
INSERT INTO PASAJEROS VALUES (11, 'MATUTE',         'ANA MARÍA',        'CALLE RIVA PALACIOS NO. 465',      '967211262');
INSERT INTO PASAJEROS VALUES (12, 'MADRID',         'PEDRO',            'CALLE OCAMPO NO. 254',             '912871306');
INSERT INTO PASAJEROS VALUES (13, 'MÉRIDA',         'ANTONIA',          'CALLE JUAN PEDRO RAYON NO.934',    '912872569');
INSERT INTO PASAJEROS VALUES (14, 'SÁNCHEZ',        'ANTONIO',          'CALLE IGNACIO MATIAS NO.6',        '912853507');
INSERT INTO PASAJEROS VALUES (15, 'BERMUDEZ',       'BEATRIZ',          'CALLE ALDAMA NO.50',               '912872537');
INSERT INTO PASAJEROS VALUES (16, 'SALINERO',       'BEATRIZ',          'CALLE MORELOS NO. 72B',            '928753938');
INSERT INTO PASAJEROS VALUES (17, 'MONTES',         'JUOAQUIN',         'AV. LIBERTAD NO. 495',             '912875046');
INSERT INTO PASAJEROS VALUES (18, 'SANZ',           'CAMILO',           'BLVD. DE LOS SUEÑOS ROTOS S/N',    '912875377');
INSERT INTO PASAJEROS VALUES (19, 'RODRIGO',        'CARLOS',           'AV. 5 DE MAYO NO 1100A',           '912753505');
INSERT INTO PASAJEROS VALUES (20, 'VALDEPEÑAS',     'CARMEN',           'BLVD. BENITO JUAREZ S/N',          '965412814');

CREATE TABLE RESERVAS (
    COD_VUELO      NUMBER(5) NOT NULL,
    COD_PASAJERO   NUMBER(5) NOT NULL,
    COD_AGENCIA    NUMBER(5) NOT NULL,
    PRECIO         NUMBER(7,2) NOT NULL
);
ALTER TABLE RESERVAS ADD CONSTRAINT RESERVA_PK PRIMARY KEY ( COD_AGENCIA,COD_PASAJERO,COD_VUELO );

INSERT INTO RESERVAS VALUES(1,  1,  1,  200);
INSERT INTO RESERVAS VALUES(1,  2,  1,  400);
INSERT INTO RESERVAS VALUES(1,  3,  1,  300);
INSERT INTO RESERVAS VALUES(1,  4,  1,  300);
INSERT INTO RESERVAS VALUES(2,  1,  2,  350);
INSERT INTO RESERVAS VALUES(2,  2,  2,  450);
INSERT INTO RESERVAS VALUES(2,  3,  2,  350);
INSERT INTO RESERVAS VALUES(2,  4,  2,  350);
INSERT INTO RESERVAS VALUES(3,  11,  3, 200);
INSERT INTO RESERVAS VALUES(3,  7,  3,  400);
INSERT INTO RESERVAS VALUES(3,  8,  4,  275);
INSERT INTO RESERVAS VALUES(3,  9,  4,  475);
INSERT INTO RESERVAS VALUES(4,  10, 5,  510);
INSERT INTO RESERVAS VALUES(4,  11, 5,  510);
INSERT INTO RESERVAS VALUES(4,  12, 6,  185);
INSERT INTO RESERVAS VALUES(4,  13, 6,  85);
INSERT INTO RESERVAS VALUES(5,  1,  7,  125);
INSERT INTO RESERVAS VALUES(5,  12, 7,  125);
INSERT INTO RESERVAS VALUES(5,  3,  8,  425);
INSERT INTO RESERVAS VALUES(5,  4,  8,  325);
INSERT INTO RESERVAS VALUES(5,  17, 7,  125);
INSERT INTO RESERVAS VALUES(5,  18, 7,  125);
INSERT INTO RESERVAS VALUES(5,  19, 8,  625);
INSERT INTO RESERVAS VALUES(5,  20, 8,  325);
INSERT INTO RESERVAS VALUES(6,  6,  9,  280);
INSERT INTO RESERVAS VALUES(6,  7,  9,  480);
INSERT INTO RESERVAS VALUES(6,  8,  10, 290);
INSERT INTO RESERVAS VALUES(6,  9,  10, 390);
INSERT INTO RESERVAS VALUES(7,  7,  11, 300);
INSERT INTO RESERVAS VALUES(7,  8,  3,  575);
INSERT INTO RESERVAS VALUES(7,  9,  3,  575);
INSERT INTO RESERVAS VALUES(7,  10, 9,  150);
INSERT INTO RESERVAS VALUES(8,  1,  9,  450);
INSERT INTO RESERVAS VALUES(8,  2,  8,  425);
INSERT INTO RESERVAS VALUES(8,  3,  5,  375);
INSERT INTO RESERVAS VALUES(8,  4,  7,  250);
INSERT INTO RESERVAS VALUES(9,  1,  9,  400);
INSERT INTO RESERVAS VALUES(9,  2,  9,  400);
INSERT INTO RESERVAS VALUES(9,  13, 12, 175);
INSERT INTO RESERVAS VALUES(9,  4,  12, 175);
INSERT INTO RESERVAS VALUES(10, 10, 2,  950);
INSERT INTO RESERVAS VALUES(10, 11, 2,  950);
INSERT INTO RESERVAS VALUES(10, 12, 6,  290);
INSERT INTO RESERVAS VALUES(10, 13, 6,  290);
INSERT INTO RESERVAS VALUES(11, 10, 10, 200);
INSERT INTO RESERVAS VALUES(11, 11, 10, 200);
INSERT INTO RESERVAS VALUES(11, 12, 4,  580);
INSERT INTO RESERVAS VALUES(11, 13, 4,  580);
INSERT INTO RESERVAS VALUES(12, 14, 14, 470);
INSERT INTO RESERVAS VALUES(12, 2,  14, 470);
INSERT INTO RESERVAS VALUES(12, 3,  20, 260);
INSERT INTO RESERVAS VALUES(12, 4,  18, 550);
INSERT INTO RESERVAS VALUES(13, 1,  15, 150);
INSERT INTO RESERVAS VALUES(13, 2,  15, 150);
INSERT INTO RESERVAS VALUES(13, 3,  14, 580);
INSERT INTO RESERVAS VALUES(13, 4,  8,  660);
INSERT INTO RESERVAS VALUES(14, 10, 8,  660);
INSERT INTO RESERVAS VALUES(14, 11, 13, 570);
INSERT INTO RESERVAS VALUES(14, 12, 12, 480);
INSERT INTO RESERVAS VALUES(14, 13, 12, 480);
INSERT INTO RESERVAS VALUES(15, 10, 16, 390);
INSERT INTO RESERVAS VALUES(15, 11, 14, 210);
INSERT INTO RESERVAS VALUES(15, 12, 14, 210);
INSERT INTO RESERVAS VALUES(15, 13, 15, 220);
INSERT INTO RESERVAS VALUES(14, 5,  13, 570);
INSERT INTO RESERVAS VALUES(14, 6,  12, 480);
INSERT INTO RESERVAS VALUES(14, 7,  12, 480);
INSERT INTO RESERVAS VALUES(15, 8,  16, 390);
INSERT INTO RESERVAS VALUES(15, 9,  14, 210);
INSERT INTO RESERVAS VALUES(15, 15, 14, 210);
INSERT INTO RESERVAS VALUES(15, 15, 15, 220);

CREATE TABLE TRIPULANTES (
    COD_TRIPULANTE              NUMBER(5) NOT NULL,
    APE_TRIPULANTE              VARCHAR2(25 BYTE) NOT NULL,
    NOM_TRIPULANTE              VARCHAR2(20 BYTE) NOT NULL,
    DIR_TRIPULANTE              VARCHAR2(90 BYTE) NOT NULL,
    TEL_TRIPULANTE              VARCHAR2(12 BYTE),
    REPRE_SINDICAL_TRIPULANTE   NUMBER(5)
);
ALTER TABLE TRIPULANTES ADD CONSTRAINT TRIPULANTES_PK PRIMARY KEY ( COD_TRIPULANTE );

INSERT INTO TRIPULANTES  VALUES(1,      'JUAREZ MUÑOZ',         'JUAN',         'C/ SANTA CRISTINA Nº3',        '925236987',    NULL);
INSERT INTO TRIPULANTES  VALUES(2,      'FERMÍN SARDINERO',     'ANTONIO',      'C/ CERCAS Nº24' ,              '925236987',    1);
INSERT INTO TRIPULANTES  VALUES(3,      'BERMUDEZ LOAISA ',     'MARISA',       'C/ ARBOLEDA',                  '925236987',    1);
INSERT INTO TRIPULANTES  VALUES(4,      'LOPEZ SAEZ',           'MARINA',       'C/ TORREJON',                  '925236987',    2);
INSERT INTO TRIPULANTES  VALUES(5,      'RECUERO CARRASCOSA',   'JORGE',        'C/ PINTOR ZULOAGA Nº15',       '925236987',    3);
INSERT INTO TRIPULANTES  VALUES(6,      'MARTÍN JIMÉNEZ',       'LUIS',         'C/ ECOLOGÍA Nº16',             '925236987',    3);
INSERT INTO TRIPULANTES  VALUES(7,      'BUENO LORENTE',        'CARMEN',       'C/ VALDELAGUA Nº55',           '925236987',    3);
INSERT INTO TRIPULANTES  VALUES(8,      'LORENTE SANCHEZ',      'TOBÍAS',       'C/ EL PUNTAL Nº7',             '925236987',    3);
INSERT INTO TRIPULANTES  VALUES(9,      'MATAMOROS TOLEDO',     'LUCIA',        'C/ AGUA Nº53' ,                '925236987',    3);
INSERT INTO TRIPULANTES  VALUES(10,     'CID ROMELA',           'BEATRIZ',      'C/ ESTORNINO Nº7',             '925236987',    4);
INSERT INTO TRIPULANTES  VALUES(11,     'INIESTA ALEJO',        'PABLO',        'C/ FERIA Nº8',                 '925236987',    4);
INSERT INTO TRIPULANTES  VALUES(12,     'GÓMEZ GÓMEZ',          'MAURO',        'C/ GRAN CAPITAN Nº2',          '925236987',    2);
INSERT INTO TRIPULANTES  VALUES(13,     'PEREZ CAMINERO',       'JESÚS',        'C/ FRANCISCO AGUIRRE, 23',     '925236987',    1);
INSERT INTO TRIPULANTES  VALUES(14,     'RODRÍGUEZ GÓMEZ',      'MARINA',       'C/ BENITA HORMIGOS,2 ',        '925236987',    1);

CREATE TABLE TRIPULANTES_VUELO (
    COD_VUELO        NUMBER(5) NOT NULL,
    COD_TRIPULANTE   NUMBER(5) NOT NULL
);
ALTER TABLE TRIPULANTES_VUELO ADD CONSTRAINT TRIPULANTES_VUELO_PK PRIMARY KEY ( COD_VUELO,COD_TRIPULANTE );

INSERT INTO TRIPULANTES_VUELO VALUES(1,     1);
INSERT INTO TRIPULANTES_VUELO VALUES(1,     2);
INSERT INTO TRIPULANTES_VUELO VALUES(1,     3);
INSERT INTO TRIPULANTES_VUELO VALUES(1,     4);
INSERT INTO TRIPULANTES_VUELO VALUES(2,     1);
INSERT INTO TRIPULANTES_VUELO VALUES(2,     2);
INSERT INTO TRIPULANTES_VUELO VALUES(2,     3);
INSERT INTO TRIPULANTES_VUELO VALUES(2,     4);
INSERT INTO TRIPULANTES_VUELO VALUES(3,     1);
INSERT INTO TRIPULANTES_VUELO VALUES(3,     7);
INSERT INTO TRIPULANTES_VUELO VALUES(3,     8);
INSERT INTO TRIPULANTES_VUELO VALUES(3,     9);
INSERT INTO TRIPULANTES_VUELO VALUES(4,     10);
INSERT INTO TRIPULANTES_VUELO VALUES(4,     11);
INSERT INTO TRIPULANTES_VUELO VALUES(4,     12);
INSERT INTO TRIPULANTES_VUELO VALUES(4,     13);
INSERT INTO TRIPULANTES_VUELO VALUES(5,     1);
INSERT INTO TRIPULANTES_VUELO VALUES(5,     2);
INSERT INTO TRIPULANTES_VUELO VALUES(5,     3);
INSERT INTO TRIPULANTES_VUELO VALUES(5,     4);
INSERT INTO TRIPULANTES_VUELO VALUES(6,     6);
INSERT INTO TRIPULANTES_VUELO VALUES(6,     7);
INSERT INTO TRIPULANTES_VUELO VALUES(6,     8);
INSERT INTO TRIPULANTES_VUELO VALUES(6,     9);
INSERT INTO TRIPULANTES_VUELO VALUES(7,     7);
INSERT INTO TRIPULANTES_VUELO VALUES(7,     8);
INSERT INTO TRIPULANTES_VUELO VALUES(7,     9);
INSERT INTO TRIPULANTES_VUELO VALUES(7,     10);
INSERT INTO TRIPULANTES_VUELO VALUES(8,     1);
INSERT INTO TRIPULANTES_VUELO VALUES(8,     2);
INSERT INTO TRIPULANTES_VUELO VALUES(8,     3);
INSERT INTO TRIPULANTES_VUELO VALUES(8,     4);
INSERT INTO TRIPULANTES_VUELO VALUES(9,     1);
INSERT INTO TRIPULANTES_VUELO VALUES(9,     2);
INSERT INTO TRIPULANTES_VUELO VALUES(9,     3);
INSERT INTO TRIPULANTES_VUELO VALUES(9,     4);
INSERT INTO TRIPULANTES_VUELO VALUES(10,    10);
INSERT INTO TRIPULANTES_VUELO VALUES(10,    11);
INSERT INTO TRIPULANTES_VUELO VALUES(10,    12);
INSERT INTO TRIPULANTES_VUELO VALUES(10,    13);
INSERT INTO TRIPULANTES_VUELO VALUES(11,    10);
INSERT INTO TRIPULANTES_VUELO VALUES(11,    11);
INSERT INTO TRIPULANTES_VUELO VALUES(11,    12);
INSERT INTO TRIPULANTES_VUELO VALUES(11,    13);
INSERT INTO TRIPULANTES_VUELO VALUES(12,    1);
INSERT INTO TRIPULANTES_VUELO VALUES(12,    2);
INSERT INTO TRIPULANTES_VUELO VALUES(12,    3);
INSERT INTO TRIPULANTES_VUELO VALUES(12,    4);
INSERT INTO TRIPULANTES_VUELO VALUES(13,    1);
INSERT INTO TRIPULANTES_VUELO VALUES(13,    2);
INSERT INTO TRIPULANTES_VUELO VALUES(13,    3);
INSERT INTO TRIPULANTES_VUELO VALUES(13,    4);
INSERT INTO TRIPULANTES_VUELO VALUES(14,    10);
INSERT INTO TRIPULANTES_VUELO VALUES(14,    11);
INSERT INTO TRIPULANTES_VUELO VALUES(14,    12);
INSERT INTO TRIPULANTES_VUELO VALUES(14,    13);
INSERT INTO TRIPULANTES_VUELO VALUES(15,    10);
INSERT INTO TRIPULANTES_VUELO VALUES(15,    11);
INSERT INTO TRIPULANTES_VUELO VALUES(15,    12);
INSERT INTO TRIPULANTES_VUELO VALUES(15,    13);

CREATE TABLE VUELOS (
    COD_VUELO       NUMBER(5) NOT NULL,
    ORIGEN_VUELO    VARCHAR2(30 BYTE) NOT NULL,
    DESTINO_VUELO   VARCHAR2(30 BYTE) NOT NULL,
    FECHA_VUELO     DATE NOT NULL,
    HORA_VUELO      VARCHAR2(6 BYTE) NOT NULL,
    COD_AVION       NUMBER(5) NOT NULL
);
ALTER TABLE VUELOS ADD CONSTRAINT VUELOS_PK PRIMARY KEY (COD_VUELO);

INSERT INTO VUELOS VALUES (1,       'REIKIAVIK',     'ATENAS',       SYSDATE + 1,    '12:00',  1);
INSERT INTO VUELOS VALUES (2,       'LISBOA',        'HELSINKI',     SYSDATE + 2,    '12:30',  2);
INSERT INTO VUELOS VALUES (3,       'CASABLANCA',    'ESTAMBUL',     SYSDATE + 3,    '10:00',  2);
INSERT INTO VUELOS VALUES (4,       'LONDRES',       'KIEV',         SYSDATE + 4,    '21:15',  2);
INSERT INTO VUELOS VALUES (5,       'MADRID',        'EL CAIRO',     SYSDATE + 5,    '20:00',  3);
INSERT INTO VUELOS VALUES (6,       'PARÍS',         'JERUSALÉN',    SYSDATE + 2,    '14:00',  3);
INSERT INTO VUELOS VALUES (7,       'ARGEL',         'ADÍS ABEBA',   SYSDATE + 10,   '15:45',  3);
INSERT INTO VUELOS VALUES (8,       'BRUSELAS',      'TEHERÁN',      SYSDATE + 11,   '12:25',  3);
INSERT INTO VUELOS VALUES (9,       'ÁMSTERDAM',     'MOSCÚ',        SYSDATE + 12,   '10:10',  4);
INSERT INTO VUELOS VALUES (10,      'ZÚRICH',        'DUBÁI',        SYSDATE + 15,   '02:30',  4);
INSERT INTO VUELOS VALUES (11,      'FRÁNCFORT',     'KABUL',        SYSDATE + 10,   '01:00',  4);
INSERT INTO VUELOS VALUES (12,      'OSLO',          'KARACHI',      SYSDATE + 8,    '15:15',  4);
INSERT INTO VUELOS VALUES (13,      'ROMA',          'DELHI',        SYSDATE + 8,    '12:40',  4);
INSERT INTO VUELOS VALUES (14,      'COPENHAGUE',    'KATMANDÚ',     SYSDATE + 6,    '13:10',  5);
INSERT INTO VUELOS VALUES (15,      'BERLÍN',        'DACA',         SYSDATE + 1,    '23:55',  5);
INSERT INTO VUELOS VALUES (16,      'ESTOCOLMO',     'RANGÚN',       SYSDATE + 1,    '22:40',  5);
INSERT INTO VUELOS VALUES (17,      'BUDAPEST',      'NOVOSIBIRSK',  SYSDATE + 4,    '06:35',  5);
INSERT INTO VUELOS VALUES (18,      'VARSOVIA',      'BANGKOK',      SYSDATE + 15,   '04:40',  6);
INSERT INTO VUELOS VALUES (19,      'MADRID',        'YAKARTA',      SYSDATE + 15,   '05:50',  6);
INSERT INTO VUELOS VALUES (20,      'SINGAPUR',      'BARCELONA',    SYSDATE + 15,   '06:00',  6);
INSERT INTO VUELOS VALUES (21,      'HONG KONG',     'DACA',         SYSDATE + 20,   '07:50',  6);
INSERT INTO VUELOS VALUES (22,      'PEKÍN',         'RANGÚN',       SYSDATE + 20,   '08:45',  6);
INSERT INTO VUELOS VALUES (23,      'MANILA',        'NOVOSIBIRSK',  SYSDATE + 20,   '02:55',  7);
INSERT INTO VUELOS VALUES (24,      'SHANGHÁI',      'BANGKOK',      SYSDATE + 18,   '21:25',  7);
INSERT INTO VUELOS VALUES (25,      'TAIPÉI',        'YAKARTA',      SYSDATE + 15,   '22:05',  7);

ALTER TABLE AVIONES ADD CONSTRAINT AVIONES_LINEAS_AEREAS_FK FOREIGN KEY ( COD_LINEA )
    REFERENCES LINEAS_AEREAS ( COD_LINEA );

ALTER TABLE RESERVAS ADD CONSTRAINT RESERVA_AGENCIAS_FK FOREIGN KEY ( COD_AGENCIA )
    REFERENCES AGENCIAS ( COD_AGENCIA );

ALTER TABLE RESERVAS ADD CONSTRAINT RESERVA_PASAJEROS_FK FOREIGN KEY ( COD_PASAJERO )
    REFERENCES PASAJEROS ( COD_PASAJERO );

ALTER TABLE RESERVAS ADD CONSTRAINT RESERVA_VUELOS_FK FOREIGN KEY ( COD_VUELO )
    REFERENCES VUELOS ( COD_VUELO );

ALTER TABLE TRIPULANTES_VUELO ADD CONSTRAINT TRIPULANTES_FK FOREIGN KEY ( COD_TRIPULANTE )
    REFERENCES TRIPULANTES ( COD_TRIPULANTE );

ALTER TABLE VUELOS ADD CONSTRAINT VUELOS_AVIONES_FK FOREIGN KEY ( COD_AVION )
    REFERENCES AVIONES ( COD_AVION );

ALTER TABLE TRIPULANTES_VUELO ADD CONSTRAINT VUELOS_FK FOREIGN KEY ( COD_VUELO )
    REFERENCES VUELOS ( COD_VUELO );

COMMIT;